"Rel","Top","Name","Lines","HasAssets","Assets","SizeKB"
"10-Kubernetes配置与密钥管理\1-配置和密钥管理 ConfigMap\17_Kubernetes密钥与配置管理Configmap&Secret\17_Kubernetes密钥与配置管理 Configmap&Secret\01_笔记\Kubernetes配置与密钥管理 ConfigMap&Secret.md","10-Kubernetes配置与密钥管理","Kubernetes配置与密钥管理 ConfigMap&Secret.md","447","False","","13.2"
"11-Kubernetes容器镜像仓库管理方案\1-容器镜像仓库管理方案 Harbor\18_kubernetes集群Harbor应用\18_kubernetes集群Harbor应用\01_笔记\kubernetes集群使用容器镜像仓库Harbor.md","11-Kubernetes容器镜像仓库管理方案","kubernetes集群使用容器镜像仓库Harbor.md","359","True","11-Kubernetes容器镜像仓库管理方案\1-容器镜像仓库管理方案 Harbor\18_kubernetes集群Harbor应用\18_kubernetes集群Harbor应用\01_笔记\kubernetes集群使用容器镜像仓库Harbor.assets","15.6"
"13-Kubernetes存储解决方案\20_kubernetes集群持久化存储卷及存储动态供给\20_kubernetes集群持久化存储卷及存储动态供给\01_笔记\kubernetes持久化存储卷及存储动态供给.md","13-Kubernetes存储解决方案","kubernetes持久化存储卷及存储动态供给.md","720","True","13-Kubernetes存储解决方案\20_kubernetes集群持久化存储卷及存储动态供给\20_kubernetes集群持久化存储卷及存储动态供给\01_笔记\kubernetes持久化存储卷及存储动态供给.assets","24.9"
"13-Kubernetes存储解决方案\2-存储解决方案 GlusterFS\21_kubernetes集群存储解决方案GlusterFS\21_kubernetes集群存储解决方案 GlusterFS\01_笔记\k8s集群存储解决方案 GlusterFS.md","13-Kubernetes存储解决方案","k8s集群存储解决方案 GlusterFS.md","822","True","13-Kubernetes存储解决方案\2-存储解决方案 GlusterFS\21_kubernetes集群存储解决方案GlusterFS\21_kubernetes集群存储解决方案 GlusterFS\01_笔记\k8s集群存储解决方案 GlusterFS.assets","33.8"
"13-Kubernetes存储解决方案\如何基于Kubernetes使用分布式块存储Longhorn\如何基于Kubernetes使用分布式块存储Longhorn\01-笔记\如何基于Kubernetes使用分布式块存储Longhorn？.md","13-Kubernetes存储解决方案","如何基于Kubernetes使用分布式块存储Longhorn？.md","444","True","13-Kubernetes存储解决方案\如何基于Kubernetes使用分布式块存储Longhorn\如何基于Kubernetes使用分布式块存储Longhorn\01-笔记\如何基于Kubernetes使用分布式块存储Longhorn？.assets","18.5"
"14-Kubernetes项目上云部署\1-kubernetes集群公共服务\23_kubernetes集群公共服务\23_kubernetes集群公共服务\01_笔记\Kubernetes集群公共服务.md","14-Kubernetes项目上云部署","Kubernetes集群公共服务.md","1048","True","14-Kubernetes项目上云部署\1-kubernetes集群公共服务\23_kubernetes集群公共服务\23_kubernetes集群公共服务\01_笔记\Kubernetes集群公共服务.assets","37.1"
"14-Kubernetes项目上云部署\2-项目部署 JAVA项目\24_kubernetes集群java项目上云部署\24_kubernetes集群java项目上云部署\01_笔记\kubernetes集群java项目上云部署.md","14-Kubernetes项目上云部署","kubernetes集群java项目上云部署.md","707","True","14-Kubernetes项目上云部署\2-项目部署 JAVA项目\24_kubernetes集群java项目上云部署\24_kubernetes集群java项目上云部署\01_笔记\kubernetes集群java项目上云部署.assets","25.7"
"14-Kubernetes项目上云部署\3-项目部署 Python项目\25_kubernetes集群python项目上云部署\25_kubernetes集群python项目上云部署\01_笔记\kubernetes集群python项目上云部署.md","14-Kubernetes项目上云部署","kubernetes集群python项目上云部署.md","526","True","14-Kubernetes项目上云部署\3-项目部署 Python项目\25_kubernetes集群python项目上云部署\25_kubernetes集群python项目上云部署\01_笔记\kubernetes集群python项目上云部署.assets","17.4"
"14-Kubernetes项目上云部署\4-项目部署 GoLang项目\26_kubernetes集群golang项目上云部署\26_kubernetes集群golang项目上云部署\01_笔记\Kubernetes集群golang项目上云部署.md","14-Kubernetes项目上云部署","Kubernetes集群golang项目上云部署.md","326","True","14-Kubernetes项目上云部署\4-项目部署 GoLang项目\26_kubernetes集群golang项目上云部署\26_kubernetes集群golang项目上云部署\01_笔记\Kubernetes集群golang项目上云部署.assets","9.3"
"15-Kubernetes集群节点及Pod监控方案\1-集群节点及Pod监控 Prometheus\helm部署prometheus监控系统及应用\helm部署prometheus监控系统及应用\01_笔记\helm部署prometheus及应用.md","15-Kubernetes集群节点及Pod监控方案","helm部署prometheus及应用.md","1525","True","15-Kubernetes集群节点及Pod监控方案\1-集群节点及Pod监控 Prometheus\helm部署prometheus监控系统及应用\helm部署prometheus监控系统及应用\01_笔记\helm部署prometheus及应用.assets","57.6"
"16-Kubernetes云原生中间件\1-集群及Pod日志收集 ELK\32_kubernetes集群节点及pod日志收集ELK\32_kubernetes集群节点及pod日志收集 ELK\01_笔记\kubernetes日志收集方案 ELK.md","16-Kubernetes云原生中间件","kubernetes日志收集方案 ELK.md","700","True","16-Kubernetes云原生中间件\1-集群及Pod日志收集 ELK\32_kubernetes集群节点及pod日志收集ELK\32_kubernetes集群节点及pod日志收集 ELK\01_笔记\kubernetes日志收集方案 ELK.assets","28"
"16-Kubernetes云原生中间件\2-集群及Pod日志收集 EFK\33_kubernetes集群节点及Pod日志收集EFK\33_kubernetes集群节点及Pod日志收集 EFK\01_笔记\kubernetes日志收集方案 EFK.md","16-Kubernetes云原生中间件","kubernetes日志收集方案 EFK.md","212","True","16-Kubernetes云原生中间件\2-集群及Pod日志收集 EFK\33_kubernetes集群节点及Pod日志收集EFK\33_kubernetes集群节点及Pod日志收集 EFK\01_笔记\kubernetes日志收集方案 EFK.assets","8.1"
"16-Kubernetes云原生中间件\rocketmq笔记\01_笔记\rocketmq部署.md","16-Kubernetes云原生中间件","rocketmq部署.md","442","True","16-Kubernetes云原生中间件\rocketmq笔记\01_笔记\rocketmq部署.assets","20.5"
"18-Kubernetes云原生包管理方案\1-包管理方案 Helm应用商店\kubernetes集群包管理解决方案及应用商店Helm&Kubeapps\kubernetes集群包管理解决方案及应用商店 Helm&Kubeapps\01_笔记\Kubernetes集群包管理解决方案及应用商店 Helm&kubeapps.md","18-Kubernetes云原生包管理方案","Kubernetes集群包管理解决方案及应用商店 Helm&kubeapps.md","1215","False","","58.1"
"19-kubernetes网络解决方案\K8S集群underlay网络方案HybridNet\01-笔记\k8s 1.26 underlay网络方案 hybridnet.md","19-kubernetes网络解决方案","k8s 1.26 underlay网络方案 hybridnet.md","903","True","19-kubernetes网络解决方案\K8S集群underlay网络方案HybridNet\01-笔记\k8s 1.26 underlay网络方案 hybridnet.assets","48.8"
"20-基于Kubernetes PaaS云平台\2-PaaS云平台 kubesphere\41_kubernetesPaaS平台_kubesphere(持续更新)\41_kubernetes PaaS平台_kubesphere(持续更新)\01_在Linux上以all in one模式安装\01_笔记\在Linux上以all in one模式安装kubernetes & kubesphere.md","20-基于Kubernetes PaaS云平台","在Linux上以all in one模式安装kubernetes & kubesphere.md","157","True","20-基于Kubernetes PaaS云平台\2-PaaS云平台 kubesphere\41_kubernetesPaaS平台_kubesphere(持续更新)\41_kubernetes PaaS平台_kubesphere(持续更新)\01_在Linux上以all in one模式安装\01_笔记\在Linux上以all in one模式安装kubernetes & kubesphere.assets","10.2"
"20-基于Kubernetes PaaS云平台\2-PaaS云平台 kubesphere\41_kubernetesPaaS平台_kubesphere(持续更新)\41_kubernetes PaaS平台_kubesphere(持续更新)\02_在kubernetes集群上最小化安装Kubesphere\01_笔记\在kubernetes集群上最小化安装kubesphere.md","20-基于Kubernetes PaaS云平台","在kubernetes集群上最小化安装kubesphere.md","249","True","20-基于Kubernetes PaaS云平台\2-PaaS云平台 kubesphere\41_kubernetesPaaS平台_kubesphere(持续更新)\41_kubernetes PaaS平台_kubesphere(持续更新)\02_在kubernetes集群上最小化安装Kubesphere\01_笔记\在kubernetes集群上最小化安装kubesphere.assets","8.5"
"21-DevOps项目发布一体化平台构建及应用实践\1-基于Kubernetes集群构建大中型企业CICD应用平台\42_基于kubernetes集群构建大中型企业CICD应用平台\42_基于kubernetes集群构建大中型企业CICD应用平台\DevOps笔记-MarkDown原版\DevOps\DevOps.md","21-DevOps项目发布一体化平台构建及应用实践","DevOps.md","1777","False","","79.5"
"21-DevOps项目发布一体化平台构建及应用实践\44_云原生多云持续交付GitOps\44_云原生多云持续交付GitOps\44_云原生多云持续交付 GitOps\01_笔记\gitops.md","21-DevOps项目发布一体化平台构建及应用实践","gitops.md","1111","True","21-DevOps项目发布一体化平台构建及应用实践\44_云原生多云持续交付GitOps\44_云原生多云持续交付GitOps\44_云原生多云持续交付 GitOps\01_笔记\gitops.assets","54.5"
"21-DevOps项目发布一体化平台构建及应用实践\ArgoCD部署指南（2.9.1）\01-笔记\argocd部署指南.md","21-DevOps项目发布一体化平台构建及应用实践","argocd部署指南.md","476","True","21-DevOps项目发布一体化平台构建及应用实践\ArgoCD部署指南（2.9.1）\01-笔记\argocd部署指南.assets","22.9"
"21-DevOps项目发布一体化平台构建及应用实践\k8s集群双栈协议方案antrea(IPv4&IPv6)\01-笔记\K8S 1.22 版本双栈协议（IPv4&IPv6）集群部署.md","21-DevOps项目发布一体化平台构建及应用实践","K8S 1.22 版本双栈协议（IPv4&IPv6）集群部署.md","1016","True","21-DevOps项目发布一体化平台构建及应用实践\k8s集群双栈协议方案antrea(IPv4&IPv6)\01-笔记\K8S 1.22 版本双栈协议（IPv4&IPv6）集群部署.assets","40.9"
"21-DevOps项目发布一体化平台构建及应用实践\如何通过Gitlab及ArgoCD实现项目发布\01-笔记\使用Argo CD实现流水线发布项目.md","21-DevOps项目发布一体化平台构建及应用实践","使用Argo CD实现流水线发布项目.md","966","True","21-DevOps项目发布一体化平台构建及应用实践\如何通过Gitlab及ArgoCD实现项目发布\01-笔记\使用Argo CD实现流水线发布项目.assets","39.7"
"21-DevOps项目发布一体化平台构建及应用实践\通过ArgoCD实现多Kubernetes集群项目发布\01-笔记\使用Argo CD实施项目发布.md","21-DevOps项目发布一体化平台构建及应用实践","使用Argo CD实施项目发布.md","332","True","21-DevOps项目发布一体化平台构建及应用实践\通过ArgoCD实现多Kubernetes集群项目发布\01-笔记\使用Argo CD实施项目发布.assets","37"
"23-云计算下一个十年技术Serverless\1-Serverless深度实战之Knative\49_serverless深度实战之Knative\49_serverless深度实战之Knative\00_使用Knative平台环境说明\01_笔记\使用Knative平台环境说明.md","23-云计算下一个十年技术Serverless","使用Knative平台环境说明.md","199","True","23-云计算下一个十年技术Serverless\1-Serverless深度实战之Knative\49_serverless深度实战之Knative\49_serverless深度实战之Knative\00_使用Knative平台环境说明\01_笔记\使用Knative平台环境说明.assets","7"
"23-云计算下一个十年技术Serverless\1-Serverless深度实战之Knative\49_serverless深度实战之Knative\49_serverless深度实战之Knative\01_现阶段云原生应用领域介绍\01_笔记\现阶段云原生应用领域介绍.md","23-云计算下一个十年技术Serverless","现阶段云原生应用领域介绍.md","99","True","23-云计算下一个十年技术Serverless\1-Serverless深度实战之Knative\49_serverless深度实战之Knative\49_serverless深度实战之Knative\01_现阶段云原生应用领域介绍\01_笔记\现阶段云原生应用领域介绍.assets","9.4"
"23-云计算下一个十年技术Serverless\1-Serverless深度实战之Knative\49_serverless深度实战之Knative\49_serverless深度实战之Knative\02_为什么要引入Serverless\01_笔记\为什么要引入Serverless.md","23-云计算下一个十年技术Serverless","为什么要引入Serverless.md","71","True","23-云计算下一个十年技术Serverless\1-Serverless深度实战之Knative\49_serverless深度实战之Knative\49_serverless深度实战之Knative\02_为什么要引入Serverless\01_笔记\为什么要引入Serverless.assets","10.2"
"23-云计算下一个十年技术Serverless\1-Serverless深度实战之Knative\49_serverless深度实战之Knative\49_serverless深度实战之Knative\03_Serverless应用场景\01_笔记\Serverless应用场景.md","23-云计算下一个十年技术Serverless","Serverless应用场景.md","9","False","","0.5"
"23-云计算下一个十年技术Serverless\1-Serverless深度实战之Knative\49_serverless深度实战之Knative\49_serverless深度实战之Knative\04_Serverless架构优缺点\01_笔记\Sererless架构优缺点.md","23-云计算下一个十年技术Serverless","Sererless架构优缺点.md","14","False","","1.1"
"23-云计算下一个十年技术Serverless\1-Serverless深度实战之Knative\49_serverless深度实战之Knative\49_serverless深度实战之Knative\05_Knative介绍\01_笔记\Knative介绍.md","23-云计算下一个十年技术Serverless","Knative介绍.md","27","True","23-云计算下一个十年技术Serverless\1-Serverless深度实战之Knative\49_serverless深度实战之Knative\49_serverless深度实战之Knative\05_Knative介绍\01_笔记\Knative介绍.assets","2.2"
"23-云计算下一个十年技术Serverless\1-Serverless深度实战之Knative\49_serverless深度实战之Knative\49_serverless深度实战之Knative\06_Knative在云原生应用领域的定位\01_笔记\Knative在云原生应用领域的定位.md","23-云计算下一个十年技术Serverless","Knative在云原生应用领域的定位.md","12","True","23-云计算下一个十年技术Serverless\1-Serverless深度实战之Knative\49_serverless深度实战之Knative\49_serverless深度实战之Knative\06_Knative在云原生应用领域的定位\01_笔记\Knative在云原生应用领域的定位.assets","1.2"
"23-云计算下一个十年技术Serverless\1-Serverless深度实战之Knative\49_serverless深度实战之Knative\49_serverless深度实战之Knative\07_Knative与云原生平台的三个最佳实践方式\01_笔记\Knative与云原生平台的三个最佳实践.md","23-云计算下一个十年技术Serverless","Knative与云原生平台的三个最佳实践.md","48","True","23-云计算下一个十年技术Serverless\1-Serverless深度实战之Knative\49_serverless深度实战之Knative\49_serverless深度实战之Knative\07_Knative与云原生平台的三个最佳实践方式\01_笔记\Knative与云原生平台的三个最佳实践.assets","4.1"
"23-云计算下一个十年技术Serverless\1-Serverless深度实战之Knative\49_serverless深度实战之Knative\49_serverless深度实战之Knative\08_Knative部署及应用案例\01_Knative_Serving\01_笔记\knative serving.md","23-云计算下一个十年技术Serverless","knative serving.md","760","True","23-云计算下一个十年技术Serverless\1-Serverless深度实战之Knative\49_serverless深度实战之Knative\49_serverless深度实战之Knative\08_Knative部署及应用案例\01_Knative_Serving\01_笔记\knative serving.assets","35.1"
"23-云计算下一个十年技术Serverless\1-Serverless深度实战之Knative\49_serverless深度实战之Knative\49_serverless深度实战之Knative\08_Knative部署及应用案例\02_Knative_Eventing\01_笔记\Knative Eventing.md","23-云计算下一个十年技术Serverless","Knative Eventing.md","391","True","23-云计算下一个十年技术Serverless\1-Serverless深度实战之Knative\49_serverless深度实战之Knative\49_serverless深度实战之Knative\08_Knative部署及应用案例\02_Knative_Eventing\01_笔记\Knative Eventing.assets","19.7"
"23-云计算下一个十年技术Serverless\1-Serverless深度实战之Knative\49_serverless深度实战之Knative\49_serverless深度实战之Knative\08_Knative部署及应用案例\03_kn工具安装\01_笔记\kn工具安装及应用.md","23-云计算下一个十年技术Serverless","kn工具安装及应用.md","67","True","23-云计算下一个十年技术Serverless\1-Serverless深度实战之Knative\49_serverless深度实战之Knative\49_serverless深度实战之Knative\08_Knative部署及应用案例\03_kn工具安装\01_笔记\kn工具安装及应用.assets","2.9"
"23-云计算下一个十年技术Serverless\1-Serverless深度实战之Knative\49_serverless深度实战之Knative\49_serverless深度实战之Knative\08_Knative部署及应用案例\04_Knative_Eventing应用案例\01_笔记\Knative Eventing组件及应用案例.md","23-云计算下一个十年技术Serverless","Knative Eventing组件及应用案例.md","479","True","23-云计算下一个十年技术Serverless\1-Serverless深度实战之Knative\49_serverless深度实战之Knative\49_serverless深度实战之Knative\08_Knative部署及应用案例\04_Knative_Eventing应用案例\01_笔记\Knative Eventing组件及应用案例.assets","18.2"
"23-云计算下一个十年技术Serverless\1-Serverless深度实战之Knative\49_serverless深度实战之Knative\49_serverless深度实战之Knative\09_Tekton全自动发布Knative平台应用案例\01_tekton部署\01_笔记\Tekton安装.md","23-云计算下一个十年技术Serverless","Tekton安装.md","254","False","","13.1"
"23-云计算下一个十年技术Serverless\1-Serverless深度实战之Knative\49_serverless深度实战之Knative\49_serverless深度实战之Knative\09_Tekton全自动发布Knative平台应用案例\02_tekton应用案例（从入门到熟练）\01_Tekton应用_初体验\01_笔记\Tekton初体验.md","23-云计算下一个十年技术Serverless","Tekton初体验.md","494","True","23-云计算下一个十年技术Serverless\1-Serverless深度实战之Knative\49_serverless深度实战之Knative\49_serverless深度实战之Knative\09_Tekton全自动发布Knative平台应用案例\02_tekton应用案例（从入门到熟练）\01_Tekton应用_初体验\01_笔记\Tekton初体验.assets","25.4"
"23-云计算下一个十年技术Serverless\1-Serverless深度实战之Knative\49_serverless深度实战之Knative\49_serverless深度实战之Knative\09_Tekton全自动发布Knative平台应用案例\02_tekton应用案例（从入门到熟练）\02_Tekton应用_构建自定义Tag镜像应用案例\01_笔记\构建自定义Tag镜像应用案例.md","23-云计算下一个十年技术Serverless","构建自定义Tag镜像应用案例.md","233","True","23-云计算下一个十年技术Serverless\1-Serverless深度实战之Knative\49_serverless深度实战之Knative\49_serverless深度实战之Knative\09_Tekton全自动发布Knative平台应用案例\02_tekton应用案例（从入门到熟练）\02_Tekton应用_构建自定义Tag镜像应用案例\01_笔记\构建自定义Tag镜像应用案例.assets","7.7"
"23-云计算下一个十年技术Serverless\1-Serverless深度实战之Knative\49_serverless深度实战之Knative\49_serverless深度实战之Knative\09_Tekton全自动发布Knative平台应用案例\02_tekton应用案例（从入门到熟练）\03_Tekton应用_流水线中使用WorkSpace应用案例\01_笔记\Tekton流水线中使用WorkSpace应用案例.md","23-云计算下一个十年技术Serverless","Tekton流水线中使用WorkSpace应用案例.md","205","True","23-云计算下一个十年技术Serverless\1-Serverless深度实战之Knative\49_serverless深度实战之Knative\49_serverless深度实战之Knative\09_Tekton全自动发布Knative平台应用案例\02_tekton应用案例（从入门到熟练）\03_Tekton应用_流水线中使用WorkSpace应用案例\01_笔记\Tekton流水线中使用WorkSpace应用案例.assets","9.6"
"23-云计算下一个十年技术Serverless\1-Serverless深度实战之Knative\49_serverless深度实战之Knative\49_serverless深度实战之Knative\09_Tekton全自动发布Knative平台应用案例\02_tekton应用案例（从入门到熟练）\04_Tekton应用_使用DIND实现容器镜像构建应用案例\01_笔记\使用 Tekton Sidecar 实现 Docker IN Docker 构建.md","23-云计算下一个十年技术Serverless","使用 Tekton Sidecar 实现 Docker IN Docker 构建.md","278","True","23-云计算下一个十年技术Serverless\1-Serverless深度实战之Knative\49_serverless深度实战之Knative\49_serverless深度实战之Knative\09_Tekton全自动发布Knative平台应用案例\02_tekton应用案例（从入门到熟练）\04_Tekton应用_使用DIND实现容器镜像构建应用案例\01_笔记\使用 Tekton Sidecar 实现 Docker IN Docker 构建.assets","10.5"
"23-云计算下一个十年技术Serverless\1-Serverless深度实战之Knative\49_serverless深度实战之Knative\49_serverless深度实战之Knative\09_Tekton全自动发布Knative平台应用案例\02_tekton应用案例（从入门到熟练）\05_Tekton应用_使用GitLab WebHook触发Tekton自动构建应用案例\01_笔记\GitLab 触发 Tekton 任务构建.md","23-云计算下一个十年技术Serverless","GitLab 触发 Tekton 任务构建.md","569","True","23-云计算下一个十年技术Serverless\1-Serverless深度实战之Knative\49_serverless深度实战之Knative\49_serverless深度实战之Knative\09_Tekton全自动发布Knative平台应用案例\02_tekton应用案例（从入门到熟练）\05_Tekton应用_使用GitLab WebHook触发Tekton自动构建应用案例\01_笔记\GitLab 触发 Tekton 任务构建.assets","25.3"
"23-云计算下一个十年技术Serverless\1-Serverless深度实战之Knative\49_serverless深度实战之Knative\49_serverless深度实战之Knative\09_Tekton全自动发布Knative平台应用案例\02_tekton应用案例（从入门到熟练）\06_tekton应用_使用Tekton实现自动流水线应用案例\01_笔记\使用 Tekton 实现自动化流水线.md","23-云计算下一个十年技术Serverless","使用 Tekton 实现自动化流水线.md","1005","True","23-云计算下一个十年技术Serverless\1-Serverless深度实战之Knative\49_serverless深度实战之Knative\49_serverless深度实战之Knative\09_Tekton全自动发布Knative平台应用案例\02_tekton应用案例（从入门到熟练）\06_tekton应用_使用Tekton实现自动流水线应用案例\01_笔记\使用 Tekton 实现自动化流水线.assets","39.2"
"23-云计算下一个十年技术Serverless\1-Serverless深度实战之Knative\49_serverless深度实战之Knative\49_serverless深度实战之Knative\09_Tekton全自动发布Knative平台应用案例\02_tekton应用案例（从入门到熟练）\07_tekton应用_Tekton与Argo CD结合实现 GitOps\01_笔记\Tekton 与 Argo CD 结合实现 GitOps.md","23-云计算下一个十年技术Serverless","Tekton 与 Argo CD 结合实现 GitOps.md","1287","True","23-云计算下一个十年技术Serverless\1-Serverless深度实战之Knative\49_serverless深度实战之Knative\49_serverless深度实战之Knative\09_Tekton全自动发布Knative平台应用案例\02_tekton应用案例（从入门到熟练）\07_tekton应用_Tekton与Argo CD结合实现 GitOps\01_笔记\Tekton 与 Argo CD 结合实现 GitOps.assets","49.4"
"23-云计算下一个十年技术Serverless\1-Serverless深度实战之Knative\49_serverless深度实战之Knative\49_serverless深度实战之Knative\10_Knative平台应用可观测性\01_笔记\Knative 可观测性 使用prometheus与grafana监控.md","23-云计算下一个十年技术Serverless","Knative 可观测性 使用prometheus与grafana监控.md","153","True","23-云计算下一个十年技术Serverless\1-Serverless深度实战之Knative\49_serverless深度实战之Knative\49_serverless深度实战之Knative\10_Knative平台应用可观测性\01_笔记\Knative 可观测性 使用prometheus与grafana监控.assets","7.1"
"23-云计算下一个十年技术Serverless\1-Serverless深度实战之Knative\49_serverless深度实战之Knative\49_serverless深度实战之Knative\11_Knative平台应用日志收集分析\01_笔记\EFK.md","23-云计算下一个十年技术Serverless","EFK.md","814","True","23-云计算下一个十年技术Serverless\1-Serverless深度实战之Knative\49_serverless深度实战之Knative\49_serverless深度实战之Knative\11_Knative平台应用日志收集分析\01_笔记\EFK.assets","30.5"
"23-云计算下一个十年技术Serverless\OpenFaaS课程笔记\OpenFaaS课程笔记\OpenFaaS 函数即服务.md","23-云计算下一个十年技术Serverless","OpenFaaS 函数即服务.md","912","True","23-云计算下一个十年技术Serverless\OpenFaaS课程笔记\OpenFaaS课程笔记\OpenFaaS 函数即服务.assets","40.9"
"24-Golang 开发入门精讲\2-走进Golang\代码\goproject\pkg\mod\github.com\gin-gonic\gin@v1.7.4\.github\ISSUE_TEMPLATE.md","24-Golang 开发入门精讲","ISSUE_TEMPLATE.md","37","False","","0.9"
"24-Golang 开发入门精讲\2-走进Golang\代码\goproject\pkg\mod\github.com\gin-gonic\gin@v1.7.4\.github\PULL_REQUEST_TEMPLATE.md","24-Golang 开发入门精讲","PULL_REQUEST_TEMPLATE.md","6","False","","0.4"
"24-Golang 开发入门精讲\2-走进Golang\代码\goproject\pkg\mod\github.com\gin-gonic\gin@v1.7.4\AUTHORS.md","24-Golang 开发入门精讲","AUTHORS.md","125","False","","4.2"
"24-Golang 开发入门精讲\2-走进Golang\代码\goproject\pkg\mod\github.com\gin-gonic\gin@v1.7.4\BENCHMARKS.md","24-Golang 开发入门精讲","BENCHMARKS.md","637","False","","52.9"
"24-Golang 开发入门精讲\2-走进Golang\代码\goproject\pkg\mod\github.com\gin-gonic\gin@v1.7.4\CHANGELOG.md","24-Golang 开发入门精讲","CHANGELOG.md","367","False","","27.2"
"24-Golang 开发入门精讲\2-走进Golang\代码\goproject\pkg\mod\github.com\gin-gonic\gin@v1.7.4\CODE_OF_CONDUCT.md","24-Golang 开发入门精讲","CODE_OF_CONDUCT.md","28","False","","3.1"
"24-Golang 开发入门精讲\2-走进Golang\代码\goproject\pkg\mod\github.com\gin-gonic\gin@v1.7.4\CONTRIBUTING.md","24-Golang 开发入门精讲","CONTRIBUTING.md","11","False","","0.6"
"24-Golang 开发入门精讲\2-走进Golang\代码\goproject\pkg\mod\github.com\golang\protobuf@v1.3.3\.github\ISSUE_TEMPLATE\bug_report.md","24-Golang 开发入门精讲","bug_report.md","13","False","","0.6"
"24-Golang 开发入门精讲\2-走进Golang\代码\goproject\pkg\mod\github.com\golang\protobuf@v1.5.2\.github\ISSUE_TEMPLATE\feature_request.md","24-Golang 开发入门精讲","feature_request.md","12","False","","0.5"
"24-Golang 开发入门精讲\2-走进Golang\代码\goproject\pkg\mod\github.com\golang\protobuf@v1.5.2\.github\ISSUE_TEMPLATE\question.md","24-Golang 开发入门精讲","question.md","4","False","","0.1"
"24-Golang 开发入门精讲\2-走进Golang\代码\goproject\pkg\mod\github.com\golang\protobuf@v1.5.2\CONTRIBUTING.md","24-Golang 开发入门精讲","CONTRIBUTING.md","21","False","","1.2"
"24-Golang 开发入门精讲\2-走进Golang\代码\goproject\pkg\mod\github.com\go-playground\validator\v10@v10.4.1\.github\CONTRIBUTING.md","24-Golang 开发入门精讲","CONTRIBUTING.md","5","False","","0.5"
"24-Golang 开发入门精讲\2-走进Golang\代码\goproject\pkg\mod\github.com\go-playground\validator\v10@v10.4.1\.github\ISSUE_TEMPLATE.md","24-Golang 开发入门精讲","ISSUE_TEMPLATE.md","5","False","","0.1"
"24-Golang 开发入门精讲\2-走进Golang\代码\goproject\pkg\mod\github.com\go-playground\validator\v10@v10.4.1\.github\PULL_REQUEST_TEMPLATE.md","24-Golang 开发入门精讲","PULL_REQUEST_TEMPLATE.md","8","False","","0.2"
"24-Golang 开发入门精讲\2-走进Golang\代码\goproject\pkg\mod\github.com\go-playground\validator\v10@v10.9.0\.github\CONTRIBUTING.md","24-Golang 开发入门精讲","CONTRIBUTING.md","5","False","","0.5"
"24-Golang 开发入门精讲\2-走进Golang\代码\goproject\pkg\mod\github.com\go-playground\validator\v10@v10.9.0\.github\ISSUE_TEMPLATE.md","24-Golang 开发入门精讲","ISSUE_TEMPLATE.md","7","False","","0.4"
"24-Golang 开发入门精讲\2-走进Golang\代码\goproject\pkg\mod\github.com\go-playground\validator\v10@v10.9.0\.github\PULL_REQUEST_TEMPLATE.md","24-Golang 开发入门精讲","PULL_REQUEST_TEMPLATE.md","4","False","","0.2"
"24-Golang 开发入门精讲\2-走进Golang\代码\goproject\pkg\mod\github.com\go-playground\validator\v10@v10.9.0\MAINTAINERS.md","24-Golang 开发入门精讲","MAINTAINERS.md","13","False","","0.4"
"24-Golang 开发入门精讲\2-走进Golang\代码\goproject\pkg\mod\github.com\go-sql-driver\mysql@v1.5.0\.github\CONTRIBUTING.md","24-Golang 开发入门精讲","CONTRIBUTING.md","13","False","","1.1"
"24-Golang 开发入门精讲\2-走进Golang\代码\goproject\pkg\mod\github.com\go-sql-driver\mysql@v1.5.0\.github\ISSUE_TEMPLATE.md","24-Golang 开发入门精讲","ISSUE_TEMPLATE.md","15","False","","0.4"
"24-Golang 开发入门精讲\2-走进Golang\代码\goproject\pkg\mod\github.com\go-sql-driver\mysql@v1.5.0\.github\PULL_REQUEST_TEMPLATE.md","24-Golang 开发入门精讲","PULL_REQUEST_TEMPLATE.md","8","False","","0.3"
"24-Golang 开发入门精讲\2-走进Golang\代码\goproject\pkg\mod\github.com\go-sql-driver\mysql@v1.5.0\CHANGELOG.md","24-Golang 开发入门精讲","CHANGELOG.md","162","False","","8.9"
"24-Golang 开发入门精讲\2-走进Golang\代码\goproject\pkg\mod\github.com\jinzhu\gorm@v1.9.16\.github\ISSUE_TEMPLATE.md","24-Golang 开发入门精讲","ISSUE_TEMPLATE.md","34","False","","1.2"
"24-Golang 开发入门精讲\2-走进Golang\代码\goproject\pkg\mod\github.com\jinzhu\gorm@v1.9.16\.github\PULL_REQUEST_TEMPLATE.md","24-Golang 开发入门精讲","PULL_REQUEST_TEMPLATE.md","6","False","","0.3"
"24-Golang 开发入门精讲\2-走进Golang\代码\goproject\pkg\mod\github.com\json-iterator\go@v1.1.9\fuzzy_mode_convert_table.md","24-Golang 开发入门精讲","fuzzy_mode_convert_table.md","7","False","","0.9"
"24-Golang 开发入门精讲\2-走进Golang\代码\goproject\pkg\mod\github.com\sirupsen\logrus@v1.8.1\CHANGELOG.md","24-Golang 开发入门精讲","CHANGELOG.md","182","False","","7.3"
"24-Golang 开发入门精讲\2-走进Golang\代码\goproject\pkg\mod\github.com\ugorji\go@v1.1.7\FAQ.md","24-Golang 开发入门精讲","FAQ.md","36","False","","1.9"
"24-Golang 开发入门精讲\2-走进Golang\代码\goproject\pkg\mod\github.com\ugorji\go@v1.1.7\msgpack.org.md","24-Golang 开发入门精讲","msgpack.org.md","41","False","","1.3"
"24-Golang 开发入门精讲\2-走进Golang\代码\goproject\pkg\mod\github.com\ugorji\go@v1.2.6\FAQ.md","24-Golang 开发入门精讲","FAQ.md","50","False","","2.8"
"24-Golang 开发入门精讲\2-走进Golang\代码\goproject\pkg\mod\golang.org\x\crypto@v0.0.0-20200622213623-75b288015ac9\CONTRIBUTING.md","24-Golang 开发入门精讲","CONTRIBUTING.md","17","False","","0.9"
"24-Golang 开发入门精讲\2-走进Golang\代码\goproject\pkg\mod\golang.org\x\tools@v0.1.7\go\analysis\doc\suggested_fixes.md","24-Golang 开发入门精讲","suggested_fixes.md","101","False","","5.1"
"24-Golang 开发入门精讲\2-走进Golang\代码\goproject\pkg\mod\golang.org\x\tools@v0.1.7\present\testdata\basic.md","24-Golang 开发入门精讲","basic.md","19","False","","0.2"
"24-Golang 开发入门精讲\2-走进Golang\代码\goproject\pkg\mod\golang.org\x\tools@v0.1.7\present\testdata\code.md","24-Golang 开发入门精讲","code.md","31","False","","0.5"
"24-Golang 开发入门精讲\2-走进Golang\代码\goproject\pkg\mod\golang.org\x\tools@v0.1.7\present\testdata\list.md","24-Golang 开发入门精讲","list.md","30","False","","0.3"
"24-Golang 开发入门精讲\2-走进Golang\代码\goproject\pkg\mod\golang.org\x\tools@v0.1.7\present\testdata\media.md","24-Golang 开发入门精讲","media.md","16","False","","0.4"
"24-Golang 开发入门精讲\2-走进Golang\代码\goproject\pkg\mod\golang.org\x\tools@v0.1.7\present\testdata\pre.md","24-Golang 开发入门精讲","pre.md","28","False","","0.4"
"24-Golang 开发入门精讲\2-走进Golang\代码\goproject\pkg\mod\google.golang.org\protobuf@v1.26.0\CONTRIBUTING.md","24-Golang 开发入门精讲","CONTRIBUTING.md","61","False","","2.6"
"4-云原生生态介绍\1-云原生介绍\01_云原生介绍\01_云原生介绍\01_笔记\云原生.md","4-云原生生态介绍","云原生.md","242","True","4-云原生生态介绍\1-云原生介绍\01_云原生介绍\01_云原生介绍\01_笔记\云原生.assets","18"
"5-虚拟化与云计算\1-虚拟化技术\02_虚拟化技术\02_虚拟化技术\01_笔记\虚拟化技术.md","5-虚拟化与云计算","虚拟化技术.md","284","True","5-虚拟化与云计算\1-虚拟化技术\02_虚拟化技术\02_虚拟化技术\01_笔记\虚拟化技术.assets","17.1"
"5-虚拟化与云计算\2-云计算\03_云计算\03_云计算\01_笔记\云计算.md","5-虚拟化与云计算","云计算.md","89","True","5-虚拟化与云计算\2-云计算\03_云计算\03_云计算\01_笔记\云计算.assets","5.4"
"6-容器管理工具 Docker\1-容器管理工具 Docker\2023-容器管理工具Docker\01-笔记\容器运行时 Docker.md","6-容器管理工具 Docker","容器运行时 Docker.md","2010","True","6-容器管理工具 Docker\1-容器管理工具 Docker\2023-容器管理工具Docker\01-笔记\容器运行时 Docker.assets","93.5"
"6-容器管理工具 Docker\1-容器管理工具 Docker\如何使用docker部署https访问的nginx应用\01-笔记\如何通过docker部署https访问的nginx应用？.md","6-容器管理工具 Docker","如何通过docker部署https访问的nginx应用？.md","149","False","","4.6"
"7-轻量或工业级容器管理工具 Containerd\1-容器管理工具 Containerd\05_容器管理工具Containerd\05_容器管理工具 Containerd\01_笔记\轻量级容器管理工具 Containerd.md","7-轻量或工业级容器管理工具 Containerd","轻量级容器管理工具 Containerd.md","1858","True","7-轻量或工业级容器管理工具 Containerd\1-容器管理工具 Containerd\05_容器管理工具Containerd\05_容器管理工具 Containerd\01_笔记\轻量级容器管理工具 Containerd.assets","81.1"
"8-Kubernetes应用基础\10-安全容器运行时 Kata Containers\安全容器运行时KataContainers\01-笔记\安全容器运行时  Kata.md","8-Kubernetes应用基础","安全容器运行时  Kata.md","1894","True","8-Kubernetes应用基础\10-安全容器运行时 Kata Containers\安全容器运行时KataContainers\01-笔记\安全容器运行时  Kata.assets","72.4"
"8-Kubernetes应用基础\11-安全容器运行时 gVisor\新型沙箱安全容器运行时\01-笔记\新型沙箱安全容器运行时 gVisor.md","8-Kubernetes应用基础","新型沙箱安全容器运行时 gVisor.md","1801","True","8-Kubernetes应用基础\11-安全容器运行时 gVisor\新型沙箱安全容器运行时\01-笔记\新型沙箱安全容器运行时 gVisor.assets","67.5"
"8-Kubernetes应用基础\12-k8s集群应用自动伸缩实践\01-如何通过Kubernetes实现服务自动伸缩？\01-笔记\如何使用kubernetes实现服务自动伸缩？HPA、VPA.md","8-Kubernetes应用基础","如何使用kubernetes实现服务自动伸缩？HPA、VPA.md","881","True","8-Kubernetes应用基础\12-k8s集群应用自动伸缩实践\01-如何通过Kubernetes实现服务自动伸缩？\01-笔记\如何使用kubernetes实现服务自动伸缩？HPA、VPA.assets","38.5"
"8-Kubernetes应用基础\12-k8s集群应用自动伸缩实践\02-如何使用KEDA基于事件驱动扩展K8S应用的深度实践？\01-笔记\如何基于事件驱动扩展K8S应用的深度实践？.md","8-Kubernetes应用基础","如何基于事件驱动扩展K8S应用的深度实践？.md","914","True","8-Kubernetes应用基础\12-k8s集群应用自动伸缩实践\02-如何使用KEDA基于事件驱动扩展K8S应用的深度实践？\01-笔记\如何基于事件驱动扩展K8S应用的深度实践？.assets","42.9"
"8-Kubernetes应用基础\12-k8s集群应用自动伸缩实践\03-如何通过Prometheus自定义指标及HPA实现K8S应用水平自动伸缩？\01-笔记\如何通过Prometheus及HPA实现Kubernetes应用自动水平伸缩？.md","8-Kubernetes应用基础","如何通过Prometheus及HPA实现Kubernetes应用自动水平伸缩？.md","886","True","8-Kubernetes应用基础\12-k8s集群应用自动伸缩实践\03-如何通过Prometheus自定义指标及HPA实现K8S应用水平自动伸缩？\01-笔记\如何通过Prometheus及HPA实现Kubernetes应用自动水平伸缩？.assets","44.4"
"8-Kubernetes应用基础\13-全链路灰度发布解决方案\使用Argo-Rollouts实现金丝雀发布\01-笔记\如何使用argo-rollouts实现金丝雀发布？.md","8-Kubernetes应用基础","如何使用argo-rollouts实现金丝雀发布？.md","1145","True","8-Kubernetes应用基础\13-全链路灰度发布解决方案\使用Argo-Rollouts实现金丝雀发布\01-笔记\如何使用argo-rollouts实现金丝雀发布？.assets","53.6"
"8-Kubernetes应用基础\13-全链路灰度发布解决方案\原地升级及全链路灰度发布解决方案OpenKruise\01-笔记\原地升级及全链路灰度发布解决方案 OpenKruise.md","8-Kubernetes应用基础","原地升级及全链路灰度发布解决方案 OpenKruise.md","1740","True","8-Kubernetes应用基础\13-全链路灰度发布解决方案\原地升级及全链路灰度发布解决方案OpenKruise\01-笔记\原地升级及全链路灰度发布解决方案 OpenKruise.assets","75.6"
"8-Kubernetes应用基础\1-Kubernetes集群部署\06_kubernetes1.24版本集群部署\06_kubernetes 1.24版本集群部署\01_笔记\kubeadm极速部署Kubernetes 1.24版本集群.md","8-Kubernetes应用基础","kubeadm极速部署Kubernetes 1.24版本集群.md","636","True","8-Kubernetes应用基础\1-Kubernetes集群部署\06_kubernetes1.24版本集群部署\06_kubernetes 1.24版本集群部署\01_笔记\kubeadm极速部署Kubernetes 1.24版本集群.assets","26.2"
"8-Kubernetes应用基础\1-Kubernetes集群部署\06_kubernetes集群部署\06_kubernetes集群部署\01_Kubernetes介绍及集群架构\01_笔记\kubernetes介绍与集群架构.md","8-Kubernetes应用基础","kubernetes介绍与集群架构.md","137","True","8-Kubernetes应用基础\1-Kubernetes集群部署\06_kubernetes集群部署\06_kubernetes集群部署\01_Kubernetes介绍及集群架构\01_笔记\kubernetes介绍与集群架构.assets","8.5"
"8-Kubernetes应用基础\1-Kubernetes集群部署\06_kubernetes集群部署\06_kubernetes集群部署\04_kubeadm_k8s高可用集群\01_笔记\kubeadm部署高可用kubernetes集群 1.21.0.md","8-Kubernetes应用基础","kubeadm部署高可用kubernetes集群 1.21.0.md","970","True","8-Kubernetes应用基础\1-Kubernetes集群部署\06_kubernetes集群部署\06_kubernetes集群部署\04_kubeadm_k8s高可用集群\01_笔记\kubeadm部署高可用kubernetes集群 1.21.0.assets","38.1"
"8-Kubernetes应用基础\1-Kubernetes集群部署\06_kubernetes集群部署\06_kubernetes集群部署\05_使用RKE构建企业生产Kubernetes集群\01_笔记\使用RKE构建企业生产Kubernetes集群.md","8-Kubernetes应用基础","使用RKE构建企业生产Kubernetes集群.md","1315","True","8-Kubernetes应用基础\1-Kubernetes集群部署\06_kubernetes集群部署\06_kubernetes集群部署\05_使用RKE构建企业生产Kubernetes集群\01_笔记\使用RKE构建企业生产Kubernetes集群.assets","72"
"8-Kubernetes应用基础\1-Kubernetes集群部署\06_kubernetes集群部署\06_kubernetes集群部署\06_kubernetes高可用集群二进制部署\01_二进制部署Kubernetes高可用集群（Runtime Docker）\01_笔记\Kubernetes高可用集群二进制部署（Runtime Docker）.md","8-Kubernetes应用基础","Kubernetes高可用集群二进制部署（Runtime Docker）.md","2124","True","8-Kubernetes应用基础\1-Kubernetes集群部署\06_kubernetes集群部署\06_kubernetes集群部署\06_kubernetes高可用集群二进制部署\01_二进制部署Kubernetes高可用集群（Runtime Docker）\01_笔记\Kubernetes高可用集群二进制部署（Runtime Docker）.assets","66.3"
"8-Kubernetes应用基础\1-Kubernetes集群部署\06_kubernetes集群部署\06_kubernetes集群部署\06_kubernetes高可用集群二进制部署\02_二进制部署Kubernetes高可用集群（Runtime Containerd）\01_笔记\Kubernetes高可用集群二进制部署（Runtime Containerd）.md","8-Kubernetes应用基础","Kubernetes高可用集群二进制部署（Runtime Containerd）.md","1987","True","8-Kubernetes应用基础\1-Kubernetes集群部署\06_kubernetes集群部署\06_kubernetes集群部署\06_kubernetes高可用集群二进制部署\02_二进制部署Kubernetes高可用集群（Runtime Containerd）\01_笔记\Kubernetes高可用集群二进制部署（Runtime Containerd）.assets","66.1"
"8-Kubernetes应用基础\1-Kubernetes集群部署\06_kubernetes集群部署\06_kubernetes集群部署\07_kubernetes集群UI及主机资源监控\01_笔记\Kubernetes集群UI及主机资源监控.md","8-Kubernetes应用基础","Kubernetes集群UI及主机资源监控.md","163","True","8-Kubernetes应用基础\1-Kubernetes集群部署\06_kubernetes集群部署\06_kubernetes集群部署\07_kubernetes集群UI及主机资源监控\01_笔记\Kubernetes集群UI及主机资源监控.assets","7.7"
"8-Kubernetes应用基础\1-Kubernetes集群部署\06_kubernetes集群部署\06_kubernetes集群部署\08_使用sealos部署kubernetes集群及集群管理\01_笔记\使用sealos部署kubernetes集群并实现集群管理.md","8-Kubernetes应用基础","使用sealos部署kubernetes集群并实现集群管理.md","147","True","8-Kubernetes应用基础\1-Kubernetes集群部署\06_kubernetes集群部署\06_kubernetes集群部署\08_使用sealos部署kubernetes集群及集群管理\01_笔记\使用sealos部署kubernetes集群并实现集群管理.assets","7.1"
"8-Kubernetes应用基础\1-Kubernetes集群部署\Debain12部署K8S集群最佳实践\01-笔记\Debian 12部署K8S 1.28版集群.md","8-Kubernetes应用基础","Debian 12部署K8S 1.28版集群.md","558","True","8-Kubernetes应用基础\1-Kubernetes集群部署\Debain12部署K8S集群最佳实践\01-笔记\Debian 12部署K8S 1.28版集群.assets","20.7"
"8-Kubernetes应用基础\1-Kubernetes集群部署\k8s1.26版本集群（containerd）\01-笔记\k8s 1.26集群部署 容器运行时为containerd.md","8-Kubernetes应用基础","k8s 1.26集群部署 容器运行时为containerd.md","469","True","8-Kubernetes应用基础\1-Kubernetes集群部署\k8s1.26版本集群（containerd）\01-笔记\k8s 1.26集群部署 容器运行时为containerd.assets","19.1"
"8-Kubernetes应用基础\1-Kubernetes集群部署\k8s1.27版本集群部署&容器运行时docker (1)\01-笔记\kubeadm极速部署Kubernetes 1.27.1版本集群.md","8-Kubernetes应用基础","kubeadm极速部署Kubernetes 1.27.1版本集群.md","504","True","8-Kubernetes应用基础\1-Kubernetes集群部署\k8s1.27版本集群部署&容器运行时docker (1)\01-笔记\kubeadm极速部署Kubernetes 1.27.1版本集群.assets","21"
"8-Kubernetes应用基础\1-Kubernetes集群部署\k8s1.28二进制高可用集群部署\k8s 1.28二进制高可用集群部署\基于Containerd实现k8s 1.28二进制高可用集群\01-笔记\基于Containerd实现K8S 1.28二进制高可用集群.md","8-Kubernetes应用基础","基于Containerd实现K8S 1.28二进制高可用集群.md","2580","True","8-Kubernetes应用基础\1-Kubernetes集群部署\k8s1.28二进制高可用集群部署\k8s 1.28二进制高可用集群部署\基于Containerd实现k8s 1.28二进制高可用集群\01-笔记\基于Containerd实现K8S 1.28二进制高可用集群.assets","119.5"
"8-Kubernetes应用基础\1-Kubernetes集群部署\k8s1.28二进制高可用集群部署\k8s 1.28二进制高可用集群部署\基于cri-o实现k8s 1.28二进制高可用集群\01-笔记\基于cri-o实现K8S 1.28二进制高可用集群.md","8-Kubernetes应用基础","基于cri-o实现K8S 1.28二进制高可用集群.md","2538","True","8-Kubernetes应用基础\1-Kubernetes集群部署\k8s1.28二进制高可用集群部署\k8s 1.28二进制高可用集群部署\基于cri-o实现k8s 1.28二进制高可用集群\01-笔记\基于cri-o实现K8S 1.28二进制高可用集群.assets","117.6"
"8-Kubernetes应用基础\1-Kubernetes集群部署\k8s1.28二进制高可用集群部署\k8s 1.28二进制高可用集群部署\基于Docker实现k8s 1.28二进制高可用集群\01-笔记\基于Docker实现K8S 1.28二进制高可用集群.md","8-Kubernetes应用基础","基于Docker实现K8S 1.28二进制高可用集群.md","2538","True","8-Kubernetes应用基础\1-Kubernetes集群部署\k8s1.28二进制高可用集群部署\k8s 1.28二进制高可用集群部署\基于Docker实现k8s 1.28二进制高可用集群\01-笔记\基于Docker实现K8S 1.28二进制高可用集群.assets","117.6"
"8-Kubernetes应用基础\1-Kubernetes集群部署\k8s集群部署利器kubespray\01-笔记\kubespray部署k8s 1.26集群.md","8-Kubernetes应用基础","kubespray部署k8s 1.26集群.md","434","True","8-Kubernetes应用基础\1-Kubernetes集群部署\k8s集群部署利器kubespray\01-笔记\kubespray部署k8s 1.26集群.assets","16.1"
"8-Kubernetes应用基础\1-Kubernetes集群部署\kubekey部署k8s高可用集群及kubesphere\01-笔记\kubesphere 3.4.0 抢鲜版.md","8-Kubernetes应用基础","kubesphere 3.4.0 抢鲜版.md","717","True","8-Kubernetes应用基础\1-Kubernetes集群部署\kubekey部署k8s高可用集群及kubesphere\01-笔记\kubesphere 3.4.0 抢鲜版.assets","22.4"
"8-Kubernetes应用基础\1-Kubernetes集群部署\kubernetes集群部署口袋工具minikube\01-笔记\Kubernetes集群部署口袋工具 minikube.md","8-Kubernetes应用基础","Kubernetes集群部署口袋工具 minikube.md","722","True","8-Kubernetes应用基础\1-Kubernetes集群部署\kubernetes集群部署口袋工具minikube\01-笔记\Kubernetes集群部署口袋工具 minikube.assets","34"
"8-Kubernetes应用基础\1-Kubernetes集群部署\kubernetes集群介绍及k8s1.21版本\02_kubernetes集群部署方式介绍\01_笔记\Kubernetes集群部署方式说明.md","8-Kubernetes应用基础","Kubernetes集群部署方式说明.md","65","True","8-Kubernetes应用基础\1-Kubernetes集群部署\kubernetes集群介绍及k8s1.21版本\02_kubernetes集群部署方式介绍\01_笔记\Kubernetes集群部署方式说明.assets","3.8"
"8-Kubernetes应用基础\1-Kubernetes集群部署\kubernetes集群介绍及k8s1.21版本\03_kubeadm_单master节点k8s集群\01_笔记\kubeadm部署单Master节点kubernetes集群 1.21.0.md","8-Kubernetes应用基础","kubeadm部署单Master节点kubernetes集群 1.21.0.md","604","True","8-Kubernetes应用基础\1-Kubernetes集群部署\kubernetes集群介绍及k8s1.21版本\03_kubeadm_单master节点k8s集群\01_笔记\kubeadm部署单Master节点kubernetes集群 1.21.0.assets","28.7"
"8-Kubernetes应用基础\1-Kubernetes集群部署\rockylinux部署K8S集群\01_笔记\kubeadm极速部署Kubernetes 1.28版本集群.md","8-Kubernetes应用基础","kubeadm极速部署Kubernetes 1.28版本集群.md","469","True","8-Kubernetes应用基础\1-Kubernetes集群部署\rockylinux部署K8S集群\01_笔记\kubeadm极速部署Kubernetes 1.28版本集群.assets","20.1"
"8-Kubernetes应用基础\1-Kubernetes集群部署\ubuntu24.04部署k8s1.30集群\01-笔记\如何基于Ubuntu 24.04部署原生K8S 1.30.0集群.md","8-Kubernetes应用基础","如何基于Ubuntu 24.04部署原生K8S 1.30.0集群.md","762","True","8-Kubernetes应用基础\1-Kubernetes集群部署\ubuntu24.04部署k8s1.30集群\01-笔记\如何基于Ubuntu 24.04部署原生K8S 1.30.0集群.assets","29.7"
"8-Kubernetes应用基础\1-Kubernetes集群部署\Ubuntu24.04部署k8s1.31版本集群\02-笔记-markdown版本\如何基于Ubuntu 24.04部署原生K8S 1.31.0集群.md","8-Kubernetes应用基础","如何基于Ubuntu 24.04部署原生K8S 1.31.0集群.md","684","True","8-Kubernetes应用基础\1-Kubernetes集群部署\Ubuntu24.04部署k8s1.31版本集群\02-笔记-markdown版本\如何基于Ubuntu 24.04部署原生K8S 1.31.0集群.assets","26.7"
"8-Kubernetes应用基础\1-Kubernetes集群部署\ubuntu24.04部署k8s1.32集群-Containerd\ubuntu 24.04部署k8s 1.32集群-Containerd\01-笔记\如何基于Ubuntu 24.04部署原生K8S 1.32.0集群.md","8-Kubernetes应用基础","如何基于Ubuntu 24.04部署原生K8S 1.32.0集群.md","833","True","8-Kubernetes应用基础\1-Kubernetes集群部署\ubuntu24.04部署k8s1.32集群-Containerd\ubuntu 24.04部署k8s 1.32集群-Containerd\01-笔记\如何基于Ubuntu 24.04部署原生K8S 1.32.0集群.assets","31.2"
"8-Kubernetes应用基础\1-Kubernetes集群部署\ubuntu24.04部署k8s1.32集群-Docker\ubuntu 24.04部署k8s 1.32集群-Docker\01-笔记\如何基于Ubuntu 24.04部署原生K8S 1.32.0集群.md","8-Kubernetes应用基础","如何基于Ubuntu 24.04部署原生K8S 1.32.0集群.md","748","True","8-Kubernetes应用基础\1-Kubernetes集群部署\ubuntu24.04部署k8s1.32集群-Docker\ubuntu 24.04部署k8s 1.32集群-Docker\01-笔记\如何基于Ubuntu 24.04部署原生K8S 1.32.0集群.assets","28.4"
"8-Kubernetes应用基础\1-Kubernetes集群部署\构建网络高性能（Cilium）K8S集群\01-笔记\K8S集群网络插件Cilium（网络加速器）部署及使用验证.md","8-Kubernetes应用基础","K8S集群网络插件Cilium（网络加速器）部署及使用验证.md","964","True","8-Kubernetes应用基础\1-Kubernetes集群部署\构建网络高性能（Cilium）K8S集群\01-笔记\K8S集群网络插件Cilium（网络加速器）部署及使用验证.assets","52.8"
"8-Kubernetes应用基础\1-Kubernetes集群部署\国产操作系统openEuler部署K8S集群笔记\01_笔记\国产化OpenEuler（欧拉）操作系统部署K8S集群.md","8-Kubernetes应用基础","国产化OpenEuler（欧拉）操作系统部署K8S集群.md","522","True","8-Kubernetes应用基础\1-Kubernetes集群部署\国产操作系统openEuler部署K8S集群笔记\01_笔记\国产化OpenEuler（欧拉）操作系统部署K8S集群.assets","27.1"
"8-Kubernetes应用基础\1-Kubernetes集群部署\国产麒麟操作系统部署K8S集群笔记\01_笔记\国产化麒麟操作系统部署K8S.md","8-Kubernetes应用基础","国产化麒麟操作系统部署K8S.md","457","True","8-Kubernetes应用基础\1-Kubernetes集群部署\国产麒麟操作系统部署K8S集群笔记\01_笔记\国产化麒麟操作系统部署K8S.assets","18.2"
"8-Kubernetes应用基础\1-Kubernetes集群部署\基于Containerd部署K8S1.28版本集群\01-笔记\基于Containerd容器运行时部署K8S 1.28集群.md","8-Kubernetes应用基础","基于Containerd容器运行时部署K8S 1.28集群.md","485","True","8-Kubernetes应用基础\1-Kubernetes集群部署\基于Containerd部署K8S1.28版本集群\01-笔记\基于Containerd容器运行时部署K8S 1.28集群.assets","19.4"
"8-Kubernetes应用基础\1-Kubernetes集群部署\基于cri-o部署K8S1.27版本集群\01-笔记\基于CRI-O容器运行时部署K8S集群.md","8-Kubernetes应用基础","基于CRI-O容器运行时部署K8S集群.md","456","True","8-Kubernetes应用基础\1-Kubernetes集群部署\基于cri-o部署K8S1.27版本集群\01-笔记\基于CRI-O容器运行时部署K8S集群.assets","18.4"
"8-Kubernetes应用基础\1-Kubernetes集群部署\基于Docker部署K8S1.28版本集群\01-笔记\基于Docker部署K8S 1.28集群.md","8-Kubernetes应用基础","基于Docker部署K8S 1.28集群.md","454","True","8-Kubernetes应用基础\1-Kubernetes集群部署\基于Docker部署K8S1.28版本集群\01-笔记\基于Docker部署K8S 1.28集群.assets","17.9"
"8-Kubernetes应用基础\1-Kubernetes集群部署\基于OpenEuler22.03使用iSulad部署K8S集群\01-笔记\基于OpenEuler操作系统使用isula容器运行时部署K8S集群.md","8-Kubernetes应用基础","基于OpenEuler操作系统使用isula容器运行时部署K8S集群.md","535","True","8-Kubernetes应用基础\1-Kubernetes集群部署\基于OpenEuler22.03使用iSulad部署K8S集群\01-笔记\基于OpenEuler操作系统使用isula容器运行时部署K8S集群.assets","23.7"
"8-Kubernetes应用基础\1-Kubernetes集群部署\基于Ubuntu22.04操作系统部署K8S集群\01-笔记\Ubuntu 22.04部署K8S集群.md","8-Kubernetes应用基础","Ubuntu 22.04部署K8S集群.md","601","True","8-Kubernetes应用基础\1-Kubernetes集群部署\基于Ubuntu22.04操作系统部署K8S集群\01-笔记\Ubuntu 22.04部署K8S集群.assets","23.9"
"8-Kubernetes应用基础\1-Kubernetes集群部署\基于Ubuntu23.04操作系统部署K8S集群\01-笔记\Ubuntu 23.04部署K8S集群.md","8-Kubernetes应用基础","Ubuntu 23.04部署K8S集群.md","601","True","8-Kubernetes应用基础\1-Kubernetes集群部署\基于Ubuntu23.04操作系统部署K8S集群\01-笔记\Ubuntu 23.04部署K8S集群.assets","23.9"
"8-Kubernetes应用基础\1-Kubernetes集群部署\如何基于Ubuntu22.04部署原生K8S1.29.0集群\01-笔记\如何基于Ubuntu 22.04部署原生K8S 1.29.0集群.md","8-Kubernetes应用基础","如何基于Ubuntu 22.04部署原生K8S 1.29.0集群.md","729","True","8-Kubernetes应用基础\1-Kubernetes集群部署\如何基于Ubuntu22.04部署原生K8S1.29.0集群\01-笔记\如何基于Ubuntu 22.04部署原生K8S 1.29.0集群.assets","28.6"
"8-Kubernetes应用基础\1-Kubernetes集群部署\如何通过kube-vip实现K8S集群高可用及ServiceLB\01-笔记\如何通过kube-vip实现K8S集群高可用.md","8-Kubernetes应用基础","如何通过kube-vip实现K8S集群高可用.md","1139","True","8-Kubernetes应用基础\1-Kubernetes集群部署\如何通过kube-vip实现K8S集群高可用及ServiceLB\01-笔记\如何通过kube-vip实现K8S集群高可用.assets","37.2"
"8-Kubernetes应用基础\1-Kubernetes集群部署\使用kubeadm快速部署Kubernetes1.29.0版本集群\01-笔记\kubeadm快速部署Kubernetes 1.29.0版本集群.md","8-Kubernetes应用基础","kubeadm快速部署Kubernetes 1.29.0版本集群.md","493","True","8-Kubernetes应用基础\1-Kubernetes集群部署\使用kubeadm快速部署Kubernetes1.29.0版本集群\01-笔记\kubeadm快速部署Kubernetes 1.29.0版本集群.assets","20"
"8-Kubernetes应用基础\1-Kubernetes集群部署\使用kube-vip基于Ubuntu24.04部署k8s1.30版本高可用集群\01-笔记\如何基于Ubuntu 24.04部署原生K8S 1.30.0集群.md","8-Kubernetes应用基础","如何基于Ubuntu 24.04部署原生K8S 1.30.0集群.md","1063","True","8-Kubernetes应用基础\1-Kubernetes集群部署\使用kube-vip基于Ubuntu24.04部署k8s1.30版本高可用集群\01-笔记\如何基于Ubuntu 24.04部署原生K8S 1.30.0集群.assets","35.8"
"8-Kubernetes应用基础\1-Kubernetes集群部署\通过k0s部署K8S二进制集群\01-笔记\如何通过K0S部署K8S二进制集群？.md","8-Kubernetes应用基础","如何通过K0S部署K8S二进制集群？.md","351","True","8-Kubernetes应用基础\1-Kubernetes集群部署\通过k0s部署K8S二进制集群\01-笔记\如何通过K0S部署K8S二进制集群？.assets","15.8"
"8-Kubernetes应用基础\1-Kubernetes集群部署\注重K8S安全RKE2方式部署K8S高可用集群\01-笔记\RKE2方式部署K8S集群（高可用）.md","8-Kubernetes应用基础","RKE2方式部署K8S集群（高可用）.md","1117","True","8-Kubernetes应用基础\1-Kubernetes集群部署\注重K8S安全RKE2方式部署K8S高可用集群\01-笔记\RKE2方式部署K8S集群（高可用）.assets","47.6"
"8-Kubernetes应用基础\2-Kubernetes集群客户端命令kubectl\07_kubernetes集群客户端命令kubectl\07_kubernetes集群客户端命令 kubectl\01_笔记\kubernetes集群客户端命令 kubectl.md","8-Kubernetes应用基础","kubernetes集群客户端命令 kubectl.md","18","True","8-Kubernetes应用基础\2-Kubernetes集群客户端命令kubectl\07_kubernetes集群客户端命令kubectl\07_kubernetes集群客户端命令 kubectl\01_笔记\kubernetes集群客户端命令 kubectl.assets","0.7"
"8-Kubernetes应用基础\3-Kubernetes集群Node管理\08_kubernetes集群Node管理\08_kubernetes集群Node管理\01_笔记\Kubernetes集群Node管理.md","8-Kubernetes应用基础","Kubernetes集群Node管理.md","228","False","","12.2"
"8-Kubernetes应用基础\4-Kubernetes集群声明式文件YAML\09_Kubernetes集群声明式文件YAML\09_Kubernetes集群声明式文件YAML\01_笔记\Kubernetes集群声明式文件YAML.md","8-Kubernetes应用基础","Kubernetes集群声明式文件YAML.md","156","False","","9.5"
"8-Kubernetes应用基础\5-kubernetes集群Namespace\10_Kubernetes集群Namespace\10_Kubernetes集群Namespace\01_笔记\Kubernetes集群命名空间（Namespace）.md","8-Kubernetes应用基础","Kubernetes集群命名空间（Namespace）.md","142","False","","7.3"
"8-Kubernetes应用基础\6-kubernetes核心概念概述\11_kubernetes集群核心概念概述\11_kubernetes集群核心概念概述\01_笔记\Kubernetes集群核心概念.md","8-Kubernetes应用基础","Kubernetes集群核心概念.md","95","True","8-Kubernetes应用基础\6-kubernetes核心概念概述\11_kubernetes集群核心概念概述\11_kubernetes集群核心概念概述\01_笔记\Kubernetes集群核心概念.assets","8.9"
"8-Kubernetes应用基础\7-Kubernetes集群核心概念 Pod\12_kubernetes核心概念Pod\12_kubernetes核心概念 Pod\01_笔记\kubernetes核心概念 Pod.md","8-Kubernetes应用基础","kubernetes核心概念 Pod.md","1058","True","8-Kubernetes应用基础\7-Kubernetes集群核心概念 Pod\12_kubernetes核心概念Pod\12_kubernetes核心概念 Pod\01_笔记\kubernetes核心概念 Pod.assets","45.2"
"8-Kubernetes应用基础\8-Kubernetes集群核心概念 Controller\13_kubernetes核心概念Controller\13_kubernetes核心概念 Controller\01_笔记\kubernetes核心概念 controller.md","8-Kubernetes应用基础","kubernetes核心概念 controller.md","726","True","8-Kubernetes应用基础\8-Kubernetes集群核心概念 Controller\13_kubernetes核心概念Controller\13_kubernetes核心概念 Controller\01_笔记\kubernetes核心概念 controller.assets","28.3"
"8-Kubernetes应用基础\8-Kubernetes集群核心概念 Controller\13_kubernetes核心概念Controller\13_kubernetes核心概念 Controller\02_kubernetes核心概念 controller之statefulset\01_笔记\kubernetes核心概念 Controller控制器之StatefulSet.md","8-Kubernetes应用基础","kubernetes核心概念 Controller控制器之StatefulSet.md","235","False","","9.4"
"8-Kubernetes应用基础\9-Kubernetes集群核心概念 Service\14_kubernetes核心概念Service\14_kubernetes核心概念 Service\01_笔记\kubernetes核心概念 service.md","8-Kubernetes应用基础","kubernetes核心概念 service.md","1120","True","8-Kubernetes应用基础\9-Kubernetes集群核心概念 Service\14_kubernetes核心概念Service\14_kubernetes核心概念 Service\01_笔记\kubernetes核心概念 service.assets","47.4"
"9-Kubernetes服务暴露\1- Ingress  Nginx Controller\15_kubernetes集群服务暴露NginxIngressController\15_kubernetes集群 服务暴露 Nginx Ingress Controller\01_笔记\kubernetes集群 服务暴露 Nginx Ingress Controller.md","9-Kubernetes服务暴露","kubernetes集群 服务暴露 Nginx Ingress Controller.md","749","True","9-Kubernetes服务暴露\1- Ingress  Nginx Controller\15_kubernetes集群服务暴露NginxIngressController\15_kubernetes集群 服务暴露 Nginx Ingress Controller\01_笔记\kubernetes集群 服务暴露 Nginx Ingress Controller.assets","31.8"
"9-Kubernetes服务暴露\1- Ingress  Nginx Controller\ingressnginxcontroller1.4.0版本笔记\01_笔记\ingress nginx controller 1.4.0 最新版本部署方法.md","9-Kubernetes服务暴露","ingress nginx controller 1.4.0 最新版本部署方法.md","46","True","9-Kubernetes服务暴露\1- Ingress  Nginx Controller\ingressnginxcontroller1.4.0版本笔记\01_笔记\ingress nginx controller 1.4.0 最新版本部署方法.assets","2"
"9-Kubernetes服务暴露\1- Ingress  Nginx Controller\基于Ingressnginx实现灰度发布系统\01-笔记\基于Ingress Nginx实现灰度发布系统.md","9-Kubernetes服务暴露","基于Ingress Nginx实现灰度发布系统.md","597","True","9-Kubernetes服务暴露\1- Ingress  Nginx Controller\基于Ingressnginx实现灰度发布系统\01-笔记\基于Ingress Nginx实现灰度发布系统.assets","21.5"
"9-Kubernetes服务暴露\2-Ingress 服务发现 traefik\16_kubernetes集群服务暴露traefik\16_kubernetes集群 服务暴露 traefik\01_笔记\kubernetes集群服务暴露 traefik.md","9-Kubernetes服务暴露","kubernetes集群服务暴露 traefik.md","3872","True","9-Kubernetes服务暴露\2-Ingress 服务发现 traefik\16_kubernetes集群服务暴露traefik\16_kubernetes集群 服务暴露 traefik\01_笔记\kubernetes集群服务暴露 traefik.assets","135.6"
"k8s多集群管理方案\01-使用terraform实现对k8s集群中资源对象进行管理\01-笔记\如何使用terraform实现对kubernetes集群中资源对象进行管理？.md","k8s多集群管理方案","如何使用terraform实现对kubernetes集群中资源对象进行管理？.md","531","False","","23"
"k8s多集群管理方案\Cilium多集群方案ClusterMesh\01-笔记\如何通过Cilium Cluster Mesh实现Kubernetes多集群方案？.md","k8s多集群管理方案","如何通过Cilium Cluster Mesh实现Kubernetes多集群方案？.md","1530","True","k8s多集群管理方案\Cilium多集群方案ClusterMesh\01-笔记\如何通过Cilium Cluster Mesh实现Kubernetes多集群方案？.assets","69.9"
"k8s多集群管理方案\kubernetes集群舰队管理Kurator-20230621版\kubernetes集群舰队管理  Kurator\01-笔记\kubernetes集群舰队管理 Kurator.md","k8s多集群管理方案","kubernetes集群舰队管理 Kurator.md","1351","True","k8s多集群管理方案\kubernetes集群舰队管理Kurator-20230621版\kubernetes集群舰队管理  Kurator\01-笔记\kubernetes集群舰队管理 Kurator.assets","68.8"
"k8s集群备份与恢复方案\kubernetes集群备份与恢复利器Velero\01-笔记\kubernetes集群备份与恢复管理利器Velero.md","k8s集群备份与恢复方案","kubernetes集群备份与恢复管理利器Velero.md","732","True","k8s集群备份与恢复方案\kubernetes集群备份与恢复利器Velero\01-笔记\kubernetes集群备份与恢复管理利器Velero.assets","33.4"
"kubernetes管理虚拟机\kubernetes管理虚拟机利器KubeVirt\kubernetes管理虚拟机利器KubeVirt\01-笔记\kubernetes管理虚拟机利器KubeVirt.md","kubernetes管理虚拟机","kubernetes管理虚拟机利器KubeVirt.md","223","True","kubernetes管理虚拟机\kubernetes管理虚拟机利器KubeVirt\kubernetes管理虚拟机利器KubeVirt\01-笔记\kubernetes管理虚拟机利器KubeVirt.assets","13.8"
"kubernetes应用二次开发\基于win10打造k8s应用开发环境\01-笔记\Windows主机中构建适用于K8S Operator开发环境.md","kubernetes应用二次开发","Windows主机中构建适用于K8S Operator开发环境.md","472","True","kubernetes应用二次开发\基于win10打造k8s应用开发环境\01-笔记\Windows主机中构建适用于K8S Operator开发环境.assets","16.7"
"基于Kubernetes构建大数据\【笔记】大数据HDFS分布式文件系统搭建.md","基于Kubernetes构建大数据","【笔记】大数据HDFS分布式文件系统搭建.md","367","False","","13.6"
"基于Kubernetes构建大数据\笔记-Flink基于Kubernetes部署.md","基于Kubernetes构建大数据","笔记-Flink基于Kubernetes部署.md","3112","False","","162.3"
"基于Kubernetes构建大数据\笔记-Spark与Kubernetes整合.md","基于Kubernetes构建大数据","笔记-Spark与Kubernetes整合.md","1671","False","","104.2"
"基于Kubernetes构建大数据\基于K8S构建机器学习平台KubeFlow\01-笔记\基于K8S构建机器学习平台KubeFlow.md","基于Kubernetes构建大数据","基于K8S构建机器学习平台KubeFlow.md","1012","True","基于Kubernetes构建大数据\基于K8S构建机器学习平台KubeFlow\01-笔记\基于K8S构建机器学习平台KubeFlow.assets","61.7"
"微服务项目部署\sangomall微服务项目\01_k8s集群公共服务准备-DNS笔记\01_笔记\kubernetes集群公共服务 DNS.md","微服务项目部署","kubernetes集群公共服务 DNS.md","97","False","","3.1"
"微服务项目部署\sangomall微服务项目\02_k8s集群公共服务准备-Harbor笔记_20250729_123228\01_笔记\kubernetes集群公共服务 Harbor.md","微服务项目部署","kubernetes集群公共服务 Harbor.md","191","False","","8.6"
"微服务项目部署\sangomall微服务项目\03_openelb笔记\01_笔记\OpeneELB部署及应用.md","微服务项目部署","OpeneELB部署及应用.md","205","False","","14"
"微服务项目部署\sangomall微服务项目\04_apisix笔记\01_笔记\KubeSphere中集成ApiSix.md","微服务项目部署","KubeSphere中集成ApiSix.md","1099","True","微服务项目部署\sangomall微服务项目\04_apisix笔记\01_笔记\KubeSphere中集成ApiSix.assets","43.3"
"微服务项目部署\sangomall微服务项目\05_kubesphere集成本地容器镜像仓库Harbor笔记\01_笔记\KubeSphere集成本地容器镜像仓库 Harbor.md","微服务项目部署","KubeSphere集成本地容器镜像仓库 Harbor.md","186","True","微服务项目部署\sangomall微服务项目\05_kubesphere集成本地容器镜像仓库Harbor笔记\01_笔记\KubeSphere集成本地容器镜像仓库 Harbor.assets","8.5"
"微服务项目部署\sangomall微服务项目\06-sangomall微服务项目部署笔记（全）\06-sangomall微服务项目部署笔记（全）\01_企业空间、项目创建及三高商城项目架构部署说明\01_笔记\Kubesphere部署三高商城组织架构说明.md","微服务项目部署","Kubesphere部署三高商城组织架构说明.md","47","True","微服务项目部署\sangomall微服务项目\06-sangomall微服务项目部署笔记（全）\06-sangomall微服务项目部署笔记（全）\01_企业空间、项目创建及三高商城项目架构部署说明\01_笔记\Kubesphere部署三高商城组织架构说明.assets","5.6"
"微服务项目部署\sangomall微服务项目\06-sangomall微服务项目部署笔记（全）\06-sangomall微服务项目部署笔记（全）\02_微服务部署前中间件部署\01_笔记\微服务部署前中间件部署.md","微服务项目部署","微服务部署前中间件部署.md","868","True","微服务项目部署\sangomall微服务项目\06-sangomall微服务项目部署笔记（全）\06-sangomall微服务项目部署笔记（全）\02_微服务部署前中间件部署\01_笔记\微服务部署前中间件部署.assets","55.1"
"微服务项目部署\sangomall微服务项目\06-sangomall微服务项目部署笔记（全）\06-sangomall微服务项目部署笔记（全）\03_k8s集群中部署服务思路\01_笔记\Kubernetes集群中部署服务思路.md","微服务项目部署","Kubernetes集群中部署服务思路.md","37","True","微服务项目部署\sangomall微服务项目\06-sangomall微服务项目部署笔记（全）\06-sangomall微服务项目部署笔记（全）\03_k8s集群中部署服务思路\01_笔记\Kubernetes集群中部署服务思路.assets","1.7"
"微服务项目部署\sangomall微服务项目\06-sangomall微服务项目部署笔记（全）\06-sangomall微服务项目部署笔记（全）\04_k8s集群中部署服务之应用环境配置\01_笔记\K8S集群中部署服务之应用环境配置.md","微服务项目部署","K8S集群中部署服务之应用环境配置.md","280","True","微服务项目部署\sangomall微服务项目\06-sangomall微服务项目部署笔记（全）\06-sangomall微服务项目部署笔记（全）\04_k8s集群中部署服务之应用环境配置\01_笔记\K8S集群中部署服务之应用环境配置.assets","13.9"
"微服务项目部署\sangomall微服务项目\06-sangomall微服务项目部署笔记（全）\06-sangomall微服务项目部署笔记（全）\05_k8s集群中部署服务之Dockerfile文件准备\01_笔记\k8s集群中部署服务之Dockerfile文件准备.md","微服务项目部署","k8s集群中部署服务之Dockerfile文件准备.md","143","True","微服务项目部署\sangomall微服务项目\06-sangomall微服务项目部署笔记（全）\06-sangomall微服务项目部署笔记（全）\05_k8s集群中部署服务之Dockerfile文件准备\01_笔记\k8s集群中部署服务之Dockerfile文件准备.assets","4.8"
"微服务项目部署\sangomall微服务项目\06-sangomall微服务项目部署笔记（全）\06-sangomall微服务项目部署笔记（全）\06_k8s集群中部署服务之部署描述文件准备\01_笔记\k8s集群中部署服务之部署描述文件准备.md","微服务项目部署","k8s集群中部署服务之部署描述文件准备.md","707","True","微服务项目部署\sangomall微服务项目\06-sangomall微服务项目部署笔记（全）\06-sangomall微服务项目部署笔记（全）\06_k8s集群中部署服务之部署描述文件准备\01_笔记\k8s集群中部署服务之部署描述文件准备.assets","16.2"
"微服务项目部署\sangomall微服务项目\06-sangomall微服务项目部署笔记（全）\06-sangomall微服务项目部署笔记（全）\07_k8s集群中部署服务之流水线\01_笔记\k8s集群中部署项目之流水线.md","微服务项目部署","k8s集群中部署项目之流水线.md","852","True","微服务项目部署\sangomall微服务项目\06-sangomall微服务项目部署笔记（全）\06-sangomall微服务项目部署笔记（全）\07_k8s集群中部署服务之流水线\01_笔记\k8s集群中部署项目之流水线.assets","42.1"
"微服务项目部署\sangomall微服务项目\06-sangomall微服务项目部署笔记（全）\06-sangomall微服务项目部署笔记（全）\08_k8s集群中部署服务之数据库准备\01_笔记\k8s集群中部署项目之数据库准备.md","微服务项目部署","k8s集群中部署项目之数据库准备.md","81","True","微服务项目部署\sangomall微服务项目\06-sangomall微服务项目部署笔记（全）\06-sangomall微服务项目部署笔记（全）\08_k8s集群中部署服务之数据库准备\01_笔记\k8s集群中部署项目之数据库准备.assets","8"
"微服务项目部署\sangomall微服务项目\06-sangomall微服务项目部署笔记（全）\06-sangomall微服务项目部署笔记（全）\09_k8s集群中使用流水线部署微服务\01_笔记\k8s集群中流水线部署微服务.md","微服务项目部署","k8s集群中流水线部署微服务.md","198","True","微服务项目部署\sangomall微服务项目\06-sangomall微服务项目部署笔记（全）\06-sangomall微服务项目部署笔记（全）\09_k8s集群中使用流水线部署微服务\01_笔记\k8s集群中流水线部署微服务.assets","10.5"
"微服务项目部署\sangomall微服务项目\06-sangomall微服务项目部署笔记（全）\06-sangomall微服务项目部署笔记（全）\10_k8s集群中部署微服务项目前端代理服务\01_笔记\k8s集群中部署微服务项目前端代理服务 Nginx.md","微服务项目部署","k8s集群中部署微服务项目前端代理服务 Nginx.md","185","True","微服务项目部署\sangomall微服务项目\06-sangomall微服务项目部署笔记（全）\06-sangomall微服务项目部署笔记（全）\10_k8s集群中部署微服务项目前端代理服务\01_笔记\k8s集群中部署微服务项目前端代理服务 Nginx.assets","9.3"
"微服务项目部署\sangomall微服务项目\06-sangomall微服务项目部署笔记（全）\06-sangomall微服务项目部署笔记（全）\11_k8s集群中部署微服务Vue\01_笔记\k8s集群中部署微服务Vue.md","微服务项目部署","k8s集群中部署微服务Vue.md","134","True","微服务项目部署\sangomall微服务项目\06-sangomall微服务项目部署笔记（全）\06-sangomall微服务项目部署笔记（全）\11_k8s集群中部署微服务Vue\01_笔记\k8s集群中部署微服务Vue.assets","6"
"微服务项目部署\严选微服务项目\01-k8s1.24版本集群部署\01-k8s 1.24版本集群部署\01_笔记\kubeadm极速部署Kubernetes 1.24版本集群.md","微服务项目部署","kubeadm极速部署Kubernetes 1.24版本集群.md","488","True","微服务项目部署\严选微服务项目\01-k8s1.24版本集群部署\01-k8s 1.24版本集群部署\01_笔记\kubeadm极速部署Kubernetes 1.24版本集群.assets","20.5"
"微服务项目部署\严选微服务项目\02_kubernetes集群公共服务准备-DNS服务\02_kubernetes集群公共服务准备-DNS服务\01_笔记\kubernetes集群公共服务 DNS.md","微服务项目部署","kubernetes集群公共服务 DNS.md","99","False","","3.2"
"微服务项目部署\严选微服务项目\03_CoreDNS级联本地DNS域名解析服务\03_CoreDNS级联本地DNS域名解析服务\01_笔记\CoreDNS级联本地DNS服务器.md","微服务项目部署","CoreDNS级联本地DNS服务器.md","56","False","","1.2"
"微服务项目部署\严选微服务项目\04_kubernetes集群公共服务准备-Harbor\04_kubernetes集群公共服务准备-Harbor\01_笔记\kubernetes集群公共服务 Harbor.md","微服务项目部署","kubernetes集群公共服务 Harbor.md","185","False","","8.6"
"微服务项目部署\严选微服务项目\05_kubesphere部署\05_kubesphere部署\01_笔记\微服务项目 基于Kubernetes集群PaaS云平台 Kubesphere部署.md","微服务项目部署","微服务项目 基于Kubernetes集群PaaS云平台 Kubesphere部署.md","286","True","微服务项目部署\严选微服务项目\05_kubesphere部署\05_kubesphere部署\01_笔记\微服务项目 基于Kubernetes集群PaaS云平台 Kubesphere部署.assets","9.5"
"微服务项目部署\严选微服务项目\06_kubesphere多租户系统应用_20250729_123333\06_kubesphere多租户系统应用\01_笔记\kubesphere多租户系统应用.md","微服务项目部署","kubesphere多租户系统应用.md","150","True","微服务项目部署\严选微服务项目\06_kubesphere多租户系统应用_20250729_123333\06_kubesphere多租户系统应用\01_笔记\kubesphere多租户系统应用.assets","17.3"
"微服务项目部署\严选微服务项目\07_KubeSphere集成本地容器镜像仓库Harbor_20250729_123331\07_KubeSphere集成本地容器镜像仓库 Harbor\01_笔记\KubeSphere集成本地容器镜像仓库 Harbor.md","微服务项目部署","KubeSphere集成本地容器镜像仓库 Harbor.md","56","True","微服务项目部署\严选微服务项目\07_KubeSphere集成本地容器镜像仓库Harbor_20250729_123331\07_KubeSphere集成本地容器镜像仓库 Harbor\01_笔记\KubeSphere集成本地容器镜像仓库 Harbor.assets","3.5"
"微服务项目部署\严选微服务项目\08_负载均衡器openelb\08_负载均衡器 openelb\01_笔记\OpeneELB部署及应用.md","微服务项目部署","OpeneELB部署及应用.md","182","True","微服务项目部署\严选微服务项目\08_负载均衡器openelb\08_负载均衡器 openelb\01_笔记\OpeneELB部署及应用.assets","12.3"
"微服务项目部署\严选微服务项目\09_元原生微服务网关apisix\09_元原生微服务网关 apisix\01_笔记\KubeSphere中集成ApiSix.md","微服务项目部署","KubeSphere中集成ApiSix.md","688","True","微服务项目部署\严选微服务项目\09_元原生微服务网关apisix\09_元原生微服务网关 apisix\01_笔记\KubeSphere中集成ApiSix.assets","29"
"微服务项目部署\严选微服务项目\10_严选商城项目中间件部署\01_笔记\微服务部署前中间件部署.md","微服务项目部署","微服务部署前中间件部署.md","860","True","微服务项目部署\严选微服务项目\10_严选商城项目中间件部署\01_笔记\微服务部署前中间件部署.assets","60.7"
"微服务项目部署\严选微服务项目\11_严选商城项目部署前代码获取\11_严选商城项目部署前代码获取\01_笔记\严选项目代码获取.md","微服务项目部署","严选项目代码获取.md","21","True","微服务项目部署\严选微服务项目\11_严选商城项目部署前代码获取\11_严选商城项目部署前代码获取\01_笔记\严选项目代码获取.assets","1.7"
"微服务项目部署\严选微服务项目\12_严选商城项目部署前配置说明\12_严选商城项目部署前配置说明\01-笔记\严选商城项目部署前配置说明.md","微服务项目部署","严选商城项目部署前配置说明.md","2","False","","0.1"
"微服务项目部署\严选微服务项目\13_严选商城项目部署前配置及数据库导入说明\13_严选商城项目部署前配置及数据库导入说明\01-笔记\严选商城项目部署前配置及数据库导入说明.md","微服务项目部署","严选商城项目部署前配置及数据库导入说明.md","83","True","微服务项目部署\严选微服务项目\13_严选商城项目部署前配置及数据库导入说明\13_严选商城项目部署前配置及数据库导入说明\01-笔记\严选商城项目部署前配置及数据库导入说明.assets","7.9"
"微服务项目部署\严选微服务项目\14_严选商城项目部署前流水线编写及项目部署\14_严选商城项目部署前流水线编写及项目部署\01-项目流水线基础环境准备\01-笔记\严选项目流水线基础环境准备.md","微服务项目部署","严选项目流水线基础环境准备.md","311","True","微服务项目部署\严选微服务项目\14_严选商城项目部署前流水线编写及项目部署\14_严选商城项目部署前流水线编写及项目部署\01-项目流水线基础环境准备\01-笔记\严选项目流水线基础环境准备.assets","14.3"
"微服务项目部署\严选微服务项目\14_严选商城项目部署前流水线编写及项目部署\14_严选商城项目部署前流水线编写及项目部署\02-项目流水线准备\01-笔记\严选商城项目部署前流水线编写.md","微服务项目部署","严选商城项目部署前流水线编写.md","2681","True","微服务项目部署\严选微服务项目\14_严选商城项目部署前流水线编写及项目部署\14_严选商城项目部署前流水线编写及项目部署\02-项目流水线准备\01-笔记\严选商城项目部署前流水线编写.assets","101.6"
"云原生（K8S核心）架构师VIP直播\AlmaLinux9操作系统如何使用及部署K8S集群\01-AlmaLinux操作系统安装及配置\01-笔记\AlmaLinux 9操作系统.md","云原生（K8S核心）架构师VIP直播","AlmaLinux 9操作系统.md","140","True","云原生（K8S核心）架构师VIP直播\AlmaLinux9操作系统如何使用及部署K8S集群\01-AlmaLinux操作系统安装及配置\01-笔记\AlmaLinux 9操作系统.assets","4.3"
"云原生（K8S核心）架构师VIP直播\AlmaLinux9操作系统如何使用及部署K8S集群\02-AlmaLinux操作系统部署K8S集群\01_笔记\kubeadm极速部署Kubernetes 1.29版本集群.md","云原生（K8S核心）架构师VIP直播","kubeadm极速部署Kubernetes 1.29版本集群.md","468","True","云原生（K8S核心）架构师VIP直播\AlmaLinux9操作系统如何使用及部署K8S集群\02-AlmaLinux操作系统部署K8S集群\01_笔记\kubeadm极速部署Kubernetes 1.29版本集群.assets","20.1"
"云原生（K8S核心）架构师VIP直播\karmada\karmada\01_笔记\karmada部署及应用.md","云原生（K8S核心）架构师VIP直播","karmada部署及应用.md","464","True","云原生（K8S核心）架构师VIP直播\karmada\karmada\01_笔记\karmada部署及应用.assets","32.3"
"云原生（K8S核心）架构师VIP直播\基于IngressNginx实现灰度发布系统\01-笔记\基于Ingress Nginx实现灰度发布系统.md","云原生（K8S核心）架构师VIP直播","基于Ingress Nginx实现灰度发布系统.md","597","True","云原生（K8S核心）架构师VIP直播\基于IngressNginx实现灰度发布系统\01-笔记\基于Ingress Nginx实现灰度发布系统.assets","21.5"
"云原生（K8S核心）架构师VIP直播\基于windows部署K8S应用开发环境\01_笔记\Windows主机中构建适用于K8S Operator开发环境.md","云原生（K8S核心）架构师VIP直播","Windows主机中构建适用于K8S Operator开发环境.md","472","True","云原生（K8S核心）架构师VIP直播\基于windows部署K8S应用开发环境\01_笔记\Windows主机中构建适用于K8S Operator开发环境.assets","16.9"
"云原生边缘计算\云原生边缘计算kubeedge\01-笔记\01-K8S 1.22版本集群部署\01-笔记\K8S 1.22 版本集群部署.md","云原生边缘计算","K8S 1.22 版本集群部署.md","381","True","云原生边缘计算\云原生边缘计算kubeedge\01-笔记\01-K8S 1.22版本集群部署\01-笔记\K8S 1.22 版本集群部署.assets","14.8"
"云原生边缘计算\云原生边缘计算kubeedge\01-笔记\02_云原生边缘计算_kubeedge_部署\01_笔记\云原生边缘计算 kubeedge 部署.md","云原生边缘计算","云原生边缘计算 kubeedge 部署.md","560","True","云原生边缘计算\云原生边缘计算kubeedge\01-笔记\02_云原生边缘计算_kubeedge_部署\01_笔记\云原生边缘计算 kubeedge 部署.assets","31"
"云原生监控系统\OpenTelemetry 全链路状态跟踪\如何通过OpenTelemetry实现云原生应用全链路状态跟踪？\01-笔记\如何通过OpenTelemetry实现云原生应用全链路状态跟踪？.md","云原生监控系统","如何通过OpenTelemetry实现云原生应用全链路状态跟踪？.md","1594","True","云原生监控系统\OpenTelemetry 全链路状态跟踪\如何通过OpenTelemetry实现云原生应用全链路状态跟踪？\01-笔记\如何通过OpenTelemetry实现云原生应用全链路状态跟踪？.assets","74.1"
"云原生监控系统\Prometheus监控\01-Prometheus-Prometheus安装篇\01-Prometheus-Prometheus安装篇\01-笔记\Prometheus安装.md","云原生监控系统","Prometheus安装.md","349","True","云原生监控系统\Prometheus监控\01-Prometheus-Prometheus安装篇\01-Prometheus-Prometheus安装篇\01-笔记\Prometheus安装.assets","18.8"
"云原生监控系统\Prometheus监控\02-Grafana对接Prometheus数据源_20250729_121933\02-Grafana对接Prometheus数据源\01-笔记\Grafana对接Prometheus数据源.md","云原生监控系统","Grafana对接Prometheus数据源.md","94","True","云原生监控系统\Prometheus监控\02-Grafana对接Prometheus数据源_20250729_121933\02-Grafana对接Prometheus数据源\01-笔记\Grafana对接Prometheus数据源.assets","5.2"
"云原生监控系统\Prometheus监控\03-Prometheus告警AlertManager组件\03-Prometheus告警AlertManager组件\01-笔记\Prometheus告警Alertmanager组件.md","云原生监控系统","Prometheus告警Alertmanager组件.md","235","True","云原生监控系统\Prometheus监控\03-Prometheus告警AlertManager组件\03-Prometheus告警AlertManager组件\01-笔记\Prometheus告警Alertmanager组件.assets","12.6"
"云原生监控系统\Prometheus监控\04-Prometheus告警媒介-企业微信\04-Prometheus告警媒介-企业微信\01-笔记\Prometheus告警媒介 企业微信.md","云原生监控系统","Prometheus告警媒介 企业微信.md","156","True","云原生监控系统\Prometheus监控\04-Prometheus告警媒介-企业微信\04-Prometheus告警媒介-企业微信\01-笔记\Prometheus告警媒介 企业微信.assets","9.7"
"云原生监控系统\Prometheus监控\05-Prometheus告警媒介-钉钉\05-Prometheus告警媒介-钉钉\01-笔记\Prometheus告警媒介 钉钉.md","云原生监控系统","Prometheus告警媒介 钉钉.md","265","True","云原生监控系统\Prometheus监控\05-Prometheus告警媒介-钉钉\05-Prometheus告警媒介-钉钉\01-笔记\Prometheus告警媒介 钉钉.assets","12.5"
"云原生监控系统\Prometheus监控\06-容器化构建Prometheus监控系统\06-容器化构建Prometheus监控系统\01-笔记\容器化构建Prometheus监控系统.md","云原生监控系统","容器化构建Prometheus监控系统.md","392","True","云原生监控系统\Prometheus监控\06-容器化构建Prometheus监控系统\06-容器化构建Prometheus监控系统\01-笔记\容器化构建Prometheus监控系统.assets","17.8"
"云原生监控系统\Prometheus监控\07-容器监控方案CAdvisor\01-笔记\容器监控方案 CAdvisor.md","云原生监控系统","容器监控方案 CAdvisor.md","150","True","云原生监控系统\Prometheus监控\07-容器监控方案CAdvisor\01-笔记\容器监控方案 CAdvisor.assets","8.2"
"云原生监控系统\Prometheus监控\08-K8S监控方案KSM\01-笔记\k8s监控方案 KSM （kube-state-metrics）.md","云原生监控系统","k8s监控方案 KSM （kube-state-metrics）.md","858","True","云原生监控系统\Prometheus监控\08-K8S监控方案KSM\01-笔记\k8s监控方案 KSM （kube-state-metrics）.assets","36.5"
"云原生监控系统\Prometheus监控\31_kubernetes集群节点及pod监控\31_kubernetes集群节点及pod监控\01_笔记\helm部署prometheus及应用.md","云原生监控系统","helm部署prometheus及应用.md","308","True","云原生监控系统\Prometheus监控\31_kubernetes集群节点及pod监控\31_kubernetes集群节点及pod监控\01_笔记\helm部署prometheus及应用.assets","11.5"
"云原生监控系统\云原生应用可观测方案 Pixie\如何通过Pixie实现Kubernetes云原生应用可观测？\01-笔记\如何通过Pixie实现Kubernetes云原生应用可观测？.md","云原生监控系统","如何通过Pixie实现Kubernetes云原生应用可观测？.md","1054","True","云原生监控系统\云原生应用可观测方案 Pixie\如何通过Pixie实现Kubernetes云原生应用可观测？\01-笔记\如何通过Pixie实现Kubernetes云原生应用可观测？.assets","43.5"
"云原生数据服务\基于K8S构建云原生数据服务基础设施平台KubeBlocks\01-笔记\基于K8S构建云原生基础设施平台 KubeBlocks.md","云原生数据服务","基于K8S构建云原生基础设施平台 KubeBlocks.md","825","True","云原生数据服务\基于K8S构建云原生数据服务基础设施平台KubeBlocks\01-笔记\基于K8S构建云原生基础设施平台 KubeBlocks.assets","37.8"
"主流共有云服务器\阿里云容器服务ACK\01_笔记\阿里云容器服务 ACK.md","主流共有云服务器","阿里云容器服务 ACK.md","165","False","","13.1"
